Site,UniqueID,Benthos,Quad_ID,ID_number,Day_Night,Sampling_Date,Sampling_Time,Processing_DateTime,TempInLab,mV,Salinity,TempInSitu,TA,TrisCalDate,Salinity_Calibration_Date,Salinity_Lab,Salinity_Lab_Date,NO3,PO4,SIL,NO2,NH4,Notes
Long Beach,B1_Day,Barnacle,B1,1,Day,7/31/2023,9:57,8/1/2023 9:00,21.33,-76.8,32.84,21.23,2219.670036,20230727,7/31/2023,33.53,10/24/2023,8.98,0.51,3.9,0.16,4.52,
Long Beach,B3_Day,Barnacle,B3,3,Day,7/31/2023,9:57,8/1/2023 9:00,21.23,-77.8,32.92,20.98,2212.142877,20230727,7/31/2023,33.67,10/24/2023,4.21,0.36,7.5,0.13,3.36,
Long Beach,B5_Day,Barnacle,B5,5,Day,7/31/2023,9:57,8/1/2023 9:00,21.03,-76.6,32.5,20.63,2193.856043,20230727,7/31/2023,33.69,10/24/2023,0.74,0.31,4.5,0.12,1.58,
Long Beach,M5_Day,Mussel,M5,5,Day,7/31/2023,9:57,8/1/2023 9:00,NA,NA,32.95,21.02,NA,20230727,7/31/2023,NA,10/24/2023,NA,NA,NA,NA,NA,NO pH or TA sample
Long Beach,OO_Day1,Open Ocean,OO1,1,Day,7/31/2023,9:57,8/1/2023 9:00,21.073,-74.2,32.52,20.68,2222.332885,20230727,7/31/2023,33.54,10/24/2023,0.62,0.32,7,0.08,0.7,
Long Beach,RW1_Day,Rockweed,RW1,1,Day,7/31/2023,9:57,7/31/2023 16:00,11.775,-78.7,32.3,20.72,2221.371946,20230727,7/31/2023,33.41,10/24/2023,1.33,0.41,6.4,0.17,6.63,
Long Beach,RW3_Day,Rockweed,RW3,3,Day,7/31/2023,9:57,7/31/2023 16:00,15.703,-76.5,33.05,20.72,2171.436726,20230727,7/31/2023,33.64,10/24/2023,0.49,0.4,5,0.15,2.01,
Long Beach,RW5_Day,Rockweed,RW5,5,Day,7/31/2023,9:57,7/31/2023 16:00,12.019,-77.5,32.44,20.72,2237.979527,20230727,7/31/2023,33.24,10/24/2023,1.38,0.41,7.2,0.27,11.2,
Long Beach,P1_Day,Surfgrass,P1,1,Day,7/31/2023,9:57,8/1/2023 9:00,20.825,-72.3,32.51,20.68,2178.925258,20230727,7/31/2023,33.71,10/24/2023,1.11,0.39,5.4,0.19,1.68,
Long Beach,P5_Day,Surfgrass,P5,5,Day,7/31/2023,9:57,8/1/2023 9:00,20.95,-70,32.54,20.37,NA,20230727,7/31/2023,NA,10/24/2023,NA,NA,NA,NA,NA,Bag ripped. No TA. This pH might be contaminated too
Long Beach,B1_Night,Barnacle,B1,1,Night,8/1/2023,21:33,8/2/2023 9:00,20.55,-77.4,32.45,19.65,2178.892963,20230727,8/2/2023,33.63,10/24/2023,1.48,0.5,6.3,0.11,1.36,
Long Beach,B3_Night,Barnacle,B3,3,Night,8/1/2023,21:33,8/2/2023 9:00,NA,NA,32.47,19.65,NA,20230727,8/2/2023,NA,10/24/2023,NA,NA,NA,NA,NA,No TA/pH
Long Beach,B5_Night,Barnacle,B5,5,Night,8/1/2023,21:33,8/2/2023 9:00,20.45,-75.4,32.75,19.65,2191.479707,20230727,8/2/2023,33.58,10/24/2023,0.8,0.44,5.2,0.13,1.85,
Long Beach,M1_Night,Mussel,M1,1,Night,8/1/2023,21:33,8/2/2023 9:00,20.514,-75.6,33.01,20.2,2215.525752,20230727,8/2/2023,33.69,10/24/2023,1.49,0.45,4.7,0.14,2.19,might have a few mls contamination from accidental cal
Long Beach,OO_Night1,Open Ocean,OO1,1,Night,8/1/2023,21:33,8/2/2023 9:00,20.474,-77.9,33.21,20.85,2214.082347,20230727,8/2/2023,33.65,10/24/2023,NA,NA,NA,NA,NA,No Nutrients
Long Beach,RW1_Night,Rockweed,RW1,1,Night,8/1/2023,21:33,8/2/2023 9:00,20.381,-78.5,32.52,21.02,2150.113075,20230727,8/2/2023,33.69,10/24/2023,1,0.54,7,0.13,1.57,
Long Beach,RW3_Night,Rockweed,RW3,3,Night,8/1/2023,21:33,8/2/2023 9:00,20.54,-78.2,32.75,21.02,2150.22158,20230727,8/2/2023,33.57,10/24/2023,2.44,0.57,5.1,0.17,2.62,
Long Beach,RW5_Night,Rockweed,RW5,5,Night,8/1/2023,21:33,8/2/2023 9:00,20.54,-78.9,32.84,21.45,2177.462649,20230727,8/2/2023,33.63,10/24/2023,4,0.68,8.6,0.39,1.86,
Long Beach,P1_Night,Surfgrass,P1,1,Night,8/1/2023,21:33,8/2/2023 9:00,20.78,-78,32.6,21.7,2153.808019,20230727,8/2/2023,33.63,10/24/2023,0.81,0.5,5.7,0.14,1.22,
Long Beach,P3_Night,Surfgrass,P3,3,Night,8/1/2023,21:33,8/2/2023 9:00,20.77,-78.6,33.2,21.06,2150.314599,20230727,8/2/2023,33.7,10/24/2023,0.64,0.61,6.1,0.09,0.87,
Long Beach,B2_Day,Barnacle,B2,2,Day,8/2/2023,11:10,8/2/2023 19:00,21.998,-70.5,32.45,19.26,NA,20230727,8/2/2023,NA,10/24/2023,NA,NA,NA,NA,NA,Barely any TA/pH water
Long Beach,B4_Day,Barnacle,B4,4,Day,8/2/2023,11:10,8/2/2023 19:00,NA,NA,32.45,19.13,NA,20230727,8/2/2023,NA,10/24/2023,NA,NA,NA,NA,NA,No TA water
Long Beach,B6_Day,Barnacle,B6,6,Day,8/2/2023,11:10,8/2/2023 19:00,21.38,-71.3,33.45,19.26,2213.248654,20230727,8/2/2023,33.62,10/24/2023,0.79,0.4,5.2,0.17,1.27,
Long Beach,M2_Day,Mussel,M2,2,Day,8/2/2023,11:10,8/3/2023 10:00,20.425,-72.6,32.87,19,2222.896243,20230727,8/2/2023,33.69,10/24/2023,NA,NA,NA,NA,NA,No Nutrients
Long Beach,M4_Day,Mussel,M4,4,Day,8/2/2023,11:10,8/3/2023 10:00,NA,NA,32.53,18.96,NA,20230727,8/2/2023,NA,10/24/2023,NA,NA,NA,NA,NA,No TA
Long Beach,M6_Day,Mussel,M6,6,Day,8/2/2023,11:10,8/3/2023 10:00,20.682,-71.5,32.96,19.35,2232.201609,20230727,8/2/2023,33.68,10/24/2023,3.36,0.4,5.4,0.14,1.62,Barely any TA/pH water
Long Beach,OO_Day2,Open Ocean,OO2,2,Day,8/2/2023,11:10,8/2/2023 19:00,21.31,-71,32.92,19.17,NA,20230727,8/2/2023,34.13,10/24/2023,NA,NA,NA,NA,NA,No Nutrients/ TA bag ripped
Long Beach,RW2_Day,Rockweed,RW2,2,Day,8/2/2023,11:10,8/2/2023 19:00,22.047,-70.3,33.08,19.26,2236.840058,20230727,8/2/2023,33.71,10/24/2023,2.16,0.56,5.6,0.15,2.92,
Long Beach,RW4_Day,Rockweed,RW4,4,Day,8/2/2023,11:10,8/2/2023 19:00,22.3,-69.4,33.18,19.13,2229.400653,20230727,8/2/2023,33.68,10/24/2023,0.45,0.41,12,0.08,0.68,
Long Beach,RW6_Day,Rockweed,RW6,6,Day,8/2/2023,11:10,8/2/2023 19:00,21.95,-69.4,33.04,19.35,2230.971256,20230727,8/2/2023,33.58,10/24/2023,1.15,1.75,6.4,0.35,0.81,
Long Beach,P2_Day,Surfgrass,P2,2,Day,8/2/2023,11:10,8/3/2023 10:00,20.53,-70.1,33.07,19.26,2214.947777,20230727,8/2/2023,33.71,10/24/2023,0.46,1.01,8.3,0.17,0.1,
Long Beach,P4_Day,Surfgrass,P4,3,Day,8/2/2023,11:10,8/3/2023 10:00,20.312,-76.2,32.89,19,2195.992281,20230727,8/2/2023,33.54,10/24/2023,NA,NA,NA,NA,NA,No Nutrients
Long Beach,P6_Day,Surfgrass,P6,6,Day,8/2/2023,11:10,8/3/2023 10:00,20.217,-77.5,32.82,18.4,2176.8265,20230727,8/2/2023,33.27,10/24/2023,0.68,0.5,5.7,0.09,0.84,
Long Beach,B4_Night,Barnacle,B4,4,Night,8/3/2023,23:09,8/4/2023 10:00,20.71,-74,32.86,18.4,2223.684058,20230727,8/2/2023,33.57,10/24/2023,0.4,0.44,4.1,0.08,0.88,
Long Beach,B6_Night,Barnacle,B6,6,Night,8/3/2023,23:09,8/4/2023 10:00,20.714,-76.5,32.9,18.57,2220.391967,20230727,8/2/2023,33.59,10/24/2023,NA,NA,NA,NA,NA,No Nutrients
Long Beach,M6_Night,Mussel,M6,6,Night,8/3/2023,23:09,8/4/2023 10:00,NA,NA,32.8,18.4,NA,20230727,8/2/2023,NA,10/24/2023,NA,NA,NA,NA,NA,No TA
Long Beach,OO_Night2,Open Ocean,OO2,2,Night,8/3/2023,23:09,8/4/2023 10:00,20.63,-77.7,33.1,19.09,2209.938584,20230727,8/2/2023,33.56,10/24/2023,NA,NA,NA,NA,NA,
Long Beach,RW2_Night,Rockweed,RW2,2,Night,8/3/2023,23:09,8/4/2023 10:00,20.92,-74.4,32.88,19.17,2206.554815,20230727,8/2/2023,33.36,10/24/2023,0.99,0.63,6.4,0.1,1.35,
Long Beach,RW4_Night,Rockweed,RW4,4,Night,8/3/2023,23:09,8/4/2023 10:00,NA,NA,32.8,19.22,NA,20230727,8/2/2023,NA,10/24/2023,NA,NA,NA,NA,NA,No TA
Long Beach,RW6_Night,Rockweed,RW6,6,Night,8/3/2023,23:09,8/4/2023 10:00,NA,NA,32.9,19.13,NA,20230727,8/2/2023,NA,10/24/2023,NA,NA,NA,NA,NA,No TA
Long Beach,P2_Night,Surfgrass,P2,2,Night,8/3/2023,23:09,8/4/2023 10:00,20.7,-78.5,32.9,19.26,2188.438082,20230727,8/2/2023,33.57,10/24/2023,0.63,0.5,6.4,0.15,2.74,
Long Beach,P4_Night,Surfgrass,P4,4,Night,8/3/2023,23:09,8/4/2023 10:00,20.54,-73.8,32.9,19.26,2208.601852,20230727,8/2/2023,33.57,10/24/2023,NA,NA,NA,NA,NA,No Nutrients
Long Beach,B2_Day,Barnacle,B2,2,Day,8/4/2023,12:29,8/4/2023 20:00,NA,NA,32.09,19.39,NA,20230727,8/2/2023,NA,10/24/2023,NA,NA,NA,NA,NA,No TA
Long Beach,B4_Day,Barnacle,B4,4,Day,8/4/2023,12:29,8/4/2023 20:00,21.38,-78.1,33.15,19.6,2236.160262,20230727,8/2/2023,33.56,10/24/2023,0.41,0.4,6.1,0.05,0.64,
Long Beach,OO_Day3,Open Ocean,OO,3,Day,8/4/2023,12:29,8/4/2023 20:00,20.67,-79.9,33.38,18.74,2225.060838,20230727,8/2/2023,33.53,10/24/2023,0.3,0.39,5,0.03,0.52,
Long Beach,OO_Day3b,Open Ocean,OO,3,Day,8/4/2023,12:29,8/4/2023 20:00,21.298,-78.9,33.18,18.74,2229.14092,20230727,8/2/2023,33.57,10/24/2023,NA,NA,NA,NA,NA,No Nutrients
Long Beach,P3_Day,Surfgrass,P3,3,Day,8/4/2023,12:29,8/5/2023 10:00,19.96,-80.2,32.95,18.96,2208.918513,20230727,8/2/2023,33.62,10/24/2023,0.62,0.44,6,0.09,0.54,
Long Beach,P5_Day,Surfgrass,P5,5,Day,8/4/2023,12:29,8/5/2023 10:00,NA,NA,32.95,18.7,NA,20230727,8/2/2023,NA,10/24/2023,NA,NA,NA,NA,NA,No TA
Long Beach,B2_Night,Barnacle,B2,2,Night,8/5/2023,0:00,8/5/2023 10:00,19.97,-76.6,32.8,19.05,2216.076177,20230727,8/2/2023,33.57,10/24/2023,1.72,1.63,7.1,0.23,1.66,
Long Beach,B3_Night,Barnacle,B3,3,Night,8/5/2023,0:00,8/5/2023 10:00,19.94,-75.3,32.8,18.83,2225.407067,20230727,8/2/2023,33.57,10/24/2023,5.57,0.63,4.6,0.22,2.92,
Long Beach,M1_Nightb,Mussel,M1,1,Night,8/5/2023,0:00,8/5/2023 10:00,20.045,-74.9,32.82,18.44,2228.558572,20230727,8/2/2023,33.58,10/24/2023,NA,NA,NA,NA,NA,No Nutrients
Long Beach,M5_Night,Mussel,M5,5,Night,8/5/2023,0:00,8/5/2023 10:00,20.73,-73.1,32.8,18.49,NA,20230727,8/2/2023,NA,10/24/2023,NA,NA,NA,NA,NA,Barely any TA/pH water
Long Beach,OO_Night3,Open Ocean,OO3,3,Night,8/5/2023,0:00,8/5/2023 10:00,19.96,-79,32.89,19.65,2218.178419,20230727,8/2/2023,33.69,10/24/2023,0.27,1.7,6.9,0.2,0.52,
Long Beach,RW4_Nightb,Rockweed,RW4,4,Night,8/5/2023,0:00,8/5/2023 10:00,19.78,-78.8,32.95,19.73,2211.386187,20230727,8/2/2023,33.57,10/24/2023,1.92,0.59,7.5,0.13,1.02,
Long Beach,RW6_Nightb,Rockweed,RW6,6,Night,8/5/2023,0:00,8/5/2023 10:00,19.88,-79.2,32.83,19.86,2215.911914,20230727,8/2/2023,33.64,10/24/2023,0.48,0.58,7.9,0.09,0.66,
Long Beach,B6_Nightb,Barnacle,B6,6,Night,8/6/2023,0:57,8/6/2023 12:30,20.717,-76.5,32.92,19.39,2235.153751,20230727,8/2/2023,33.68,10/24/2023,0.68,0.35,11.1,0.13,0.71,
Long Beach,OO_Night4,Open Ocean,OO4,4,Night,8/6/2023,0:57,8/6/2023 12:30,20.918,-77.6,33.41,19.09,2208.510374,20230727,8/2/2023,33.68,10/24/2023,1.68,0.57,7.5,0.1,1.93,
Long Beach,M2_Dayb,Mussel,M2,2,Day,8/12/2023,9:17,8/13/2023 6:00,21.768,-77.1,32.98,19.47,2249.598333,20230810,8/12/2023,33.62,10/24/2023,0.89,0.41,6.9,0.11,0.21,did not triple rinse nut/fdom
Long Beach,OO_Day4,Open Ocean,OO,4,Day,8/12/2023,9:17,8/13/2023 6:00,20.317,-69,32.49,19.47,2215.072172,20230810,8/12/2023,33.39,10/24/2023,0.53,0.36,7.5,0.09,0.24,"did not triple rinse nut/fdom, used backup SAS so persistaltic tubing was not rinsed between deployments, SAS was not calibrated"
Long Beach,P3_Dayb,Surfgrass,P3,3,Day,8/12/2023,9:17,8/13/2023 6:00,20.073,-67.7,32.48,19.35,2248.489652,20230810,8/12/2023,33.44,10/24/2023,0.17,0.31,6.7,0.06,0,did not triple rinse nut/fdom
Long Beach,M2_Night,Mussel,M2,2,Night,8/13/2023,20:48,8/14/2023 15:00,21.042,-82.2,33.51,20.07,2207.75605,20230810,8/12/2023,33.64,10/24/2023,0.44,0.44,5.4,0.08,0.45,sampled +30 mins after peak high tide
Long Beach,OO_Night4b,Open Ocean,OO,4,Night,8/13/2023,20:48,8/14/2023 15:00,21.087,-85.3,33.07,20.07,2182.219763,20230810,8/12/2023,33.59,10/24/2023,9,2.35,8.3,0.28,NA,"sampled +30 mins after peak high tide, did DI rinse in field before sample, then calibrated"
Long Beach,P4_Nightb,Surfgrass,P4,4,Night,8/13/2023,20:48,8/14/2023 15:00,21.25,-81.2,33.72,20.07,2197.076326,20230810,8/12/2023,33.5,10/24/2023,6.46,1.6,6.4,0.5,NA,sampled +30 mins after peak high tide Not enough water to triple rinse nutrients and fDOM
Long Beach,P5_Night,Surfgrass,P5,5,Night,8/13/2023,20:48,8/14/2023 15:00,NA,NA,32.16,20.37,NA,20230810,8/12/2023,NA,10/24/2023,NA,NA,NA,NA,NA,sampled +30 mins after peak high tide No TA sample
Long Beach,B2_Dayb,Barnacle,B2,2,Day,8/14/2023,10:06,8/15/2023 10:00,20.81,-73.2,33.06,19,2190.4555,20230810,8/12/2023,33.62,10/24/2023,0.5,0.38,NA,0.08,0.02,
Long Beach,M1_Day,Mussel,M1,1,Day,8/14/2023,10:06,8/15/2023 10:00,20.82,-73.4,33.89,18.74,NA,20230810,8/12/2023,33.44,10/24/2023,0.21,0.3,6.2,0.04,0.13,"in flow area got scraped :( , so surrounded by fewer mussels for this sample"
Long Beach,M5_Dayb,Mussel,M5,5,Day,8/14/2023,10:06,8/15/2023 10:00,21.25,-72.2,33.75,19.05,2235.315783,20230810,8/12/2023,33.63,10/24/2023,1.9,0.38,4.9,0.09,0.93,
Long Beach,OO_Day5,Open Ocean,OO,5,Day,8/14/2023,10:06,8/15/2023 10:00,20.75,-73.2,33.14,18.44,2167.063804,20230810,8/12/2023,33.52,10/24/2023,0.41,0.38,5.6,0.05,0.28,
Long Beach,P4_Dayb,Surfgrass,P4,4,Day,8/14/2023,10:06,8/15/2023 10:00,20.7,-74.2,33.1,18.44,2215.027102,20230810,8/12/2023,33.43,10/24/2023,0.15,0.34,5.3,0.05,0,"moved slightly out of surfgrass bed, pic taken"
Long Beach,M3_Night,Mussel,M3,3,Night,8/15/2023,21:24,8/16/2023 12:00,20.76,-84,33.03,18.44,2218.046794,20230810,8/12/2023,33.52,10/24/2023,0.59,0.5,6.1,0.08,0.82,
Long Beach,M5_Night,Mussel,M5,5,Night,8/15/2023,21:24,8/16/2023 12:00,NA,NA,33.03,18.57,NA,20230810,8/12/2023,NA,10/24/2023,0.51,0.38,6.8,0.06,2.82,No TA
Long Beach,OO_Night5,Open Ocean,OO,5,Night,8/15/2023,21:24,8/16/2023 12:00,20.887,-85.8,33.15,18.57,2177.611385,20230810,8/12/2023,33.19,10/24/2023,0.57,0.61,7.8,0.03,1.23,
Long Beach,P6-Night,Surfgrass,P6,6,Night,8/15/2023,21:24,8/16/2023 12:00,NA,NA,33.12,18.02,NA,20230810,8/12/2023,NA,10/24/2023,0.91,0.46,6.1,0.06,0.47,
Long Beach,P4_Night,Surfgrass,P4,4,Night,8/15/2023,21:24,8/16/2023 12:00,20.831,-82.8,33.12,18.02,2193.780971,20230810,8/12/2023,33.54,10/24/2023,0.41,0.45,6.3,0.07,1.19,"moved slightly out of surfgrass bed, pic taken, also bottle label says 8/16This might be labeled 8/16… might actually be 8/16. Used salinity lab for 8/16"
Long Beach,M4_Night,Mussel,M4,4,Night,8/16/2023,21:54,8/17/2023 10:00,20.037,-77.3,32.99,16.17,2218.328579,20230810,8/16/2023,33.48,10/24/2023,NA,NA,NA,NA,NA,No Nutrients
Long Beach,M6_Nightb,Mussel,M6,6,Night,8/16/2023,21:54,8/17/2023 10:00,19.87,-75.8,32.78,16.47,2222.322702,20230810,8/16/2023,33.43,10/24/2023,0.69,0.39,4.7,0.06,0.35,
Long Beach,OO_Night6,Open Ocean,OO6,6,Night,8/16/2023,21:54,8/17/2023 10:00,20.033,-81.1,32.49,16.47,2204.097574,20230810,8/16/2023,33.54,10/24/2023,0.4,0.56,6.3,0.03,1.11,
Long Beach,OO_Night7,Open Ocean,OO7,7,Night,8/17/2023,22:24,8/18/2023 12:00,NA,NA,32.26,17.2,NA,20230810,8/16/2023,NA,10/24/2023,NA,NA,NA,NA,NA,"Barely nutrients, no fDOM, No TA/pH"
Long Beach,P6_Night,Surfgrass,P6,6,Night,8/17/2023,22:24,8/18/2023 12:00,NA,NA,32.31,17.2,NA,20230810,8/16/2023,NA,10/24/2023,NA,NA,NA,NA,NA,No TA pH
Long Beach,M2_Day,Mussel,M2,2,Day,8/17/2023,11:10,8/18/2023 12:00,NA,NA,32.07,17.37,NA,20230810,8/16/2023,NA,10/24/2023,NA,NA,NA,NA,NA,No TA pH
Long Beach,M3_Day,Mussel,M3,3,Day,8/17/2023,11:10,8/18/2023 12:00,NA,NA,32.26,17.97,NA,20230810,8/16/2023,NA,10/24/2023,1.1,0.35,7.7,0.15,0.86,No TA pH
Long Beach,M6_Day,Mussel,M6,6,Day,8/17/2023,11:10,8/18/2023 12:00,20.074,-77.2,33.74,17.11,2232.310357,20230810,8/16/2023,33.38,10/24/2023,1,0.29,3.7,0.07,0.24,
Long Beach,OO_Day7,Open Ocean,OO7,7,Day,8/17/2023,11:10,8/18/2023 12:00,20.027,-78.8,33.18,17.11,2215.987152,20230810,8/16/2023,33.37,10/24/2023,0.38,0.39,5.1,0.06,1.42,"one of 8/17 is on B5/6 SAS, chance that sample was out of water for a short period"
Long Beach,RW1_Dusk,Rockweed,RW1,1,Dusk,10/21/2023,17:00,10/22/2023 11:30,22.135,-77.3,33.98,18.1,2196.793744,20231019,10/21/2023,33.48,12/7/2023,0.64,0.37,4.9,0.23,1.26,"Reran, old TA 2213.923014"
Long Beach,RW3_Dusk,Rockweed,RW3,3,Dusk,10/21/2023,17:00,10/22/2023 11:30,21.753,-77.7,33.57,18.14,2155.409691,20231019,10/21/2023,33.52,12/7/2023,0.67,0.42,5.6,0.12,0.88,"reran, old TA 2176.596425"
Long Beach,RW5_Dusk,Rockweed,RW5,5,Dusk,10/21/2023,17:00,10/22/2023 11:30,21.604,,32.03,18.02,,20231019,10/21/2023,32.97,12/7/2023,3.13,0.37,18.5,0.28,3.16,"Reran, old TA 2440.150535"
Long Beach,P5_Dusk,Surfgrass,P5,5,Dusk,10/21/2023,17:00,10/22/2023 11:30,21.275,-77.9,33.25,18.02,2205.894024,20231019,10/21/2023,33.46,12/7/2023,0.83,0.41,5.7,0.15,1.54,
Long Beach,00_Dusk1,Open Ocean,OO1,1,Dusk,10/21/2023,17:00,10/22/2023 11:30,21.484,-77.9,33.47,18.02,2201.836085,20231019,10/21/2023,33.48,12/7/2023,NA,NA,NA,NA,NA,No Nutrients
Long Beach,B5_Dusk,Barnacle,B5,5,Dusk,10/21/2023,17:00,10/22/2023 11:30,21.455,-78,33.49,18.02,2161.856937,20231019,10/21/2023,33.49,12/7/2023,0.7,0.4,5,0.16,1.03,"Reran, old TA 2171.164026"
Long Beach,B3_Dusk,Barnacle,B3,3,Dusk,10/21/2023,17:00,10/22/2023 11:30,NA,NA,NA,18.19,NA,20231019,10/21/2023,NA,12/7/2023,,,,,,No TA
Long Beach,B4_Dusk,Barnacle,B4,4,Dusk,10/22/2023,18:05,10/23/2023 13:00,21.46,-80.3,33.33,18.74,2205.557636,20231023,10/21/2023,33.55,12/7/2023,0.57,0.36,4.6,0.13,1.51,
Long Beach,P6_Dusk,Surfgrass,P6,6,Dusk,10/22/2023,18:05,10/23/2023 13:00,21.533,-81.6,33.38,19.22,2206.949933,20231023,10/21/2023,33.6,12/7/2023,0.5,0.32,3.4,0.09,0.57,
Long Beach,P3_Dusk,Surfgrass,P3,3,Dusk,10/22/2023,18:05,10/23/2023 13:00,21.364,-80.8,33.24,19.17,2199.163284,20231023,10/21/2023,33.6,12/7/2023,,,,,,Not enough to 3x rinse for nutrients or fill fDOM
Long Beach,RW2_Dusk,Rockweed,RW2,2,Dusk,10/22/2023,18:05,10/23/2023 13:00,21.415,-81.2,33.25,19.09,2121.885913,20231023,10/21/2023,33.58,12/7/2023,0.85,0.32,4.1,0.11,0.82,"Reran, old TA 2128.588359"
Long Beach,P1_Dusk,Surfgrass,P1,1,Dusk,10/23/2023,18:04,10/24/2023 11:00,21.365,-77.5,33.22,17.67,2185.654833,20231023,10/21/2023,33.51,12/7/2023,,,,,,No Nutrients
Long Beach,B3_Duskb,Barnacle,B3,3,Dusk,10/23/2023,18:04,10/24/2023 11:00,21.133,-72.2,33.22,17.54,2124.613941,20231023,10/21/2023,33.5,12/7/2023,0.9,0.39,4,0.36,1.83,"Reran, old TA 2135.74415"
Long Beach,RW4_Dusk,Rockweed,RW4,4,Dusk,10/23/2023,18:04,10/24/2023 11:00,21.241,-78.8,33.3,17.67,2174.487496,20231023,10/21/2023,33.44,12/7/2023,0.76,0.45,5.4,0.12,0.87,"Reran, old TA 2179.213161"
Long Beach,B6_Dusk,Barnacle,B6,6,Dusk,10/23/2023,18:04,10/24/2023 11:00,21.207,-74.8,33.31,17.59,2201.567223,20231023,10/21/2023,33.54,12/7/2023,1.45,0.43,5.1,0.26,6.3,"tubing was messed up, do not use Reran, old TA 2207.040752"
Long Beach,B2_Dusk,Barnacle,B2,2,Dusk,10/23/2023,18:04,10/24/2023 11:00,21.48,-75.8,33.24,17.59,2199.091539,20231023,10/21/2023,33.55,12/7/2023,,,,,,TA not 3x rinsed
Long Beach,P4_Dusk,Surfgrass,P4,4,Dusk,10/23/2023,18:04,10/24/2023 11:00,NA,NA,NA,17.46,NA,20231023,10/21/2023,NA,12/7/2023,,,,,,No TA tubing a bit messed up not in usual spot
Long Beach,RW6_Dusk,Rockweed,RW6,6,Dusk,10/24/2023,18:03,10/25/2023 11:30,22.144,-83.7,33.36,19.3,2243.002162,20231024,10/24/2023,33.31,12/7/2023,0.58,0.41,9.2,0.09,0.61,"Reran, old TA 2245.661047"
Long Beach,P4_Duskb,Surfgrass,P4,4,Dusk,10/24/2023,18:03,10/25/2023 11:30,21.131,-85.4,33.54,19.09,2199.043292,20231024,10/24/2023,33.56,12/7/2023,,,,,,No Nutrients
Long Beach,M5_Dusk,Mussel,M5,5,Dusk,10/24/2023,18:03,10/25/2023 11:30,21.603,-80.3,33.46,19.47,2193.926626,20231024,10/24/2023,33.71,12/7/2023,0.96,0.31,2.8,0.13,1.1,
Long Beach,M4_Dusk,Mussel,M4,4,Dusk,10/24/2023,18:03,10/25/2023 11:30,21.089,-80.3,33.42,19.39,2210.828132,20231024,10/24/2023,33.65,12/7/2023,,,,,,No Nutrients
Long Beach,B1_Dusk,Barnacle,B1,1,Dusk,10/24/2023,18:03,10/25/2023 11:30,21.92,-81.7,33.41,19.3,2192.144038,20231024,10/24/2023,33.57,12/7/2023,0.5,0.36,3.9,0.11,0.92,"had some phyllo wrapped around it, Reran, old TA 2193.870775"
Long Beach,B6_Duskb,Barnacle,B6,6,Dusk,10/24/2023,18:03,10/25/2023 11:30,NA,NA,NA,19.22,NA,20231024,10/24/2023,NA,12/7/2023,,,,,,No TA
Long Beach,P1_Duskb,Surfgrass,P1,1,Dusk,10/24/2023,18:03,10/25/2023 11:30,NA,NA,NA,19.22,NA,20231024,10/24/2023,NA,12/7/2023,0.79,0.35,4.9,0.17,1.51,No TA
Long Beach,OO_Dusk5,Open Ocean,OO5,5,Dusk,10/25/2023,18:02,10/26/2023 21:00,21.636,-84.7,33.4,19.99,2209.358642,20231024,10/26/2023,33.7,12/7/2023,,,,,,"Nutrient and TA bag might have been switched, reran old TA 2205.629505"
Long Beach,OO_Dusk5d,Open Ocean,OO5,5,Dusk,10/25/2023,18:02,10/26/2023 21:00,15.372,-78.6,32.78,19.99,NA,20231024,10/26/2023,NA,12/7/2023,,,,,,"From Nutrient bag, dirty water"
Long Beach,M4_Duskb,Mussel,M4,4,Dusk,10/25/2023,18:02,10/26/2023 21:00,21.888,-82.5,33.64,20.16,2214.978147,20231024,10/26/2023,33.71,12/7/2023,0.66,0.12,3.6,0.07,1.43,
Long Beach,P4_Duskc,Surfgrass,P4,4,Dusk,10/25/2023,18:02,10/26/2023 21:00,21.477,-83,33.31,20.07,NA,20231024,10/26/2023,NA,12/7/2023,,,,,,Not enough TA
Long Beach,M6_Dusk,Mussel,M6,6,Dusk,10/25/2023,18:02,10/26/2023 21:00,21.21,-83.7,33.58,20.16,2211.905567,20231024,10/26/2023,33.75,12/7/2023,NA,NA,NA,NA,NA,No Nutrients
Long Beach,M1_Dusk,Mussel,M1,1,Dusk,10/25/2023,18:02,10/26/2023 21:00,21.198,-82.3,33.65,20.12,2128.295257,20231024,10/26/2023,33.7,12/7/2023,0.23,0.13,2.7,0.06,0.16,"Reran, old TA 2134.53472"
Long Beach,B2_Duskb,Barnacle,B2,2,Dusk,10/25/2023,18:02,10/26/2023 21:00,NA,NA,NA,20.12,NA,20231024,10/26/2023,NA,12/7/2023,,,,,,No TA
Long Beach,M2_Dusk,Mussel,M2,2,Dusk,10/26/2023,18:01,10/27/2023 21:00,20.984,-81.8,33.56,19.73,2177.124865,20231027,10/27/2023,33.61,12/7/2023,1.69,0.43,4.9,0.35,2.01,"Reran, old TA 2188.977253"
Long Beach,M6_Duskb,Mussel,M6,6,Dusk,10/26/2023,18:01,10/27/2023 21:00,21.046,-85.5,33.46,19.65,2166.188583,20231027,10/27/2023,33.68,12/7/2023,0.67,0.24,5.6,0.13,1.14,
Long Beach,P2_Dusk,Surfgrass,P2,2,Dusk,10/26/2023,18:01,10/27/2023 21:00,21.136,-87.4,33.65,19.52,2188.559122,20231027,10/27/2023,33.67,12/7/2023,NA,NA,NA,NA,NA,No Nutrients
Long Beach,P4_Duskd,Surfgrass,P4,4,Dusk,10/26/2023,18:01,10/27/2023 21:00,21.241,-84.7,33.51,19.09,2179.547055,20231027,10/27/2023,33.6,12/7/2023,0.18,0.7,6.7,0.11,0.62,"Used pH/sal water for TA, not enough"
Long Beach,B6_Duskc,Barnacle,B6,6,Dusk,10/26/2023,18:01,10/27/2023 21:00,20.961,-84.3,33.71,20.07,2195.651254,20231027,10/27/2023,33.76,12/7/2023,NA,NA,NA,NA,NA,"Left for 2 days without processing, no Nutrients, reran old TA 2204.665304"
Long Beach,OO_Dusk6,Open Ocean,OO6,6,Dusk,10/26/2023,18:01,10/27/2023 21:00,NA,NA,NA,19.52,NA,20231027,10/27/2023,NA,12/7/2023,,,,,,No TA
Long Beach,M3_Dusk,Mussel,M3,3,Dusk,10/27/2023,19:04,10/28/2023 21:00,20.405,-86.7,33.08,19.17,2184.512938,20231027,10/28/2023,NA,12/7/2023,0.18,5.3,6.4,0.53,0.55,"No fDOM, not 3x rinsed for nutrients"
Long Beach,P3_Duskb,Surfgrass,P3,3,Dusk,10/27/2023,19:04,10/28/2023 21:00,19.843,-85.6,33.14,19.17,2163.141588,20231027,10/28/2023,33.6,12/7/2023,0.3,0.34,4.7,0.07,0.15,
Long Beach,OO_Dusk7,Open Ocean,OO7,7,Dusk,10/27/2023,19:04,10/28/2023 21:00,20.146,-87.1,33.06,19.05,2185.519865,20231027,10/28/2023,33.63,12/7/2023,0.48,0.39,5.4,0.14,0.09,
Long Beach,B6_Duskd,Barnacle,B6,6,Dusk,10/27/2023,19:04,10/28/2023 21:00,19.511,-87.9,33.02,19.09,2168.700429,20231027,10/28/2023,33.62,12/7/2023,0.58,0.42,4.5,0.13,0.26,"Reran, old TA 2184.136226"
Long Beach,P2_Duskb,Surfgrass,P2,2,Dusk,10/27/2023,19:04,10/28/2023 21:00,NA,NA,NA,19.09,NA,20231027,10/28/2023,NA,12/7/2023,,,,,,No TA
Long Beach,OO_Dawn8,Open Ocean,OO8,8,Dawn,10/29/2023,7:04,10/29/2023 21:00,21.607,-67.4,33.16,17.29,2219.992029,20231029,10/29/2023,33.58,12/7/2023,1,0.36,5.3,0.19,1.64,
Long Beach,P3_Dawn,Surfgrass,P3,3,Dawn,10/29/2023,7:04,10/29/2023 21:00,21.52,-66.3,33.2,17.33,NA,20231029,10/29/2023,33.6,12/7/2023,0.47,0.33,4.7,0.09,0.42,
Long Beach,P6_Dawn,Surfgrass,P6,6,Dawn,10/29/2023,7:04,10/29/2023 21:00,21.14,-64.9,33.13,17.37,NA,20231029,10/29/2023,33.64,12/7/2023,0.6,0.31,4.3,0.25,1.57,
Long Beach,RW2_Dawn,Rockweed,RW2,2,Dawn,10/29/2023,7:04,10/29/2023 21:00,21.624,-66.6,33.2,17.37,2169.688766,20231029,10/29/2023,33.64,12/7/2023,3.3,0.34,5.4,0.46,1.76,"Reran, old TA 2184.952387"
Long Beach,RW6_Dawn,Rockweed,RW6,6,Dawn,10/29/2023,7:04,10/29/2023 21:00,21.276,-68,33.13,17.07,2212.891689,20231029,10/29/2023,33.58,12/7/2023,0.56,0.33,5.5,0.08,0.73,"Reran, old TA 2230.352474"
Long Beach,B3_Dawn,Barnacle,B3,3,Dawn,10/29/2023,7:04,10/29/2023 21:00,21.365,-69.4,33.17,17.33,2178.453922,20231029,10/29/2023,33.55,12/7/2023,0.69,0.48,4.6,0.16,0.65,Reran old TA 2190.67308
Long Beach,B6_Dawn,Barnacle,B6,6,Dawn,10/29/2023,7:04,10/29/2023 21:00,21.357,-70.2,33.12,17.24,2171.438491,20231029,10/29/2023,33.58,12/7/2023,0.82,0.36,4.5,0.16,1.26,Reran old TA 2183.365867
Long Beach,M2_Dawn,Mussel,M2,2,Dawn,10/29/2023,7:04,10/29/2023 21:00,21.152,-70.4,33.02,17.5,2226.115478,20231029,10/29/2023,33.57,12/7/2023,NA,NA,NA,NA,NA,No Nutrients
Long Beach,RW4_Dawn,Rockweed,RW4,4,Dawn,10/29/2023,7:04,10/29/2023 21:00,NA,NA,NA,17.07,NA,20231029,10/29/2023,NA,12/7/2023,,,,,,No TA
Long Beach,P2_Dawn,Surfgrass,P2,2,Dawn,10/29/2023,7:04,10/29/2023 21:00,NA,NA,NA,17.07,NA,20231029,10/29/2023,NA,12/7/2023,,,,,,No TA
Long Beach,M6_Dawn,Mussel,M6,6,Dawn,10/29/2023,7:04,10/29/2023 21:00,NA,NA,NA,17.41,NA,20231029,10/29/2023,NA,12/7/2023,,,,,,No TA
Long Beach,OO_Dawn9,Open Ocean,OO9,9,Dawn,10/30/2023,7:05,10/30/2023 21:00,22.367,-68.8,33.91,16.9,2218.082634,20231029,10/30/2023,33.65,12/7/2023,,,,,,
Long Beach,M2_Dawnb,Mussel,M2,2,Dawn,10/30/2023,7:05,10/30/2023 21:00,21.951,-70.7,33.69,17.33,2197.223426,20231029,10/30/2023,33.66,12/7/2023,1.22,0.28,3.8,0.17,1.2,
Long Beach,M6_Dawnb,Mussel,M6,6,Dawn,10/30/2023,7:05,10/30/2023 21:00,21.983,-69.1,33.74,17.11,2173.778668,20231029,10/30/2023,33.67,12/7/2023,NA,NA,NA,NA,NA,No Nutrients
Long Beach,RW1_Dawn,Rockweed,RW1,1,Dawn,10/30/2023,7:05,10/30/2023 21:00,21.774,-67.3,33.46,16.34,2211.992538,20231029,10/30/2023,33.68,12/7/2023,NA,NA,NA,NA,NA,"No Nutrients, reran old TA 2210.155966"
Long Beach,RW4_Dawnb,Rockweed,RW4,4,Dawn,10/30/2023,7:05,10/30/2023 21:00,21.607,-67.1,33.6,16.39,2175.352399,20231029,10/30/2023,33.63,12/7/2023,0.81,0.35,5,0.19,1.39,"Reran, old TA 2192.426191"
Long Beach,RW5_Dawn,Rockweed,RW5,5,Dawn,10/30/2023,7:05,10/30/2023 21:00,21.69,-66.1,33.4,16.3,2221.966929,20231029,10/30/2023,33.67,12/7/2023,,,,,,"TA not 3x rinsed, reran old TA 2234.611657"
Long Beach,P4_Dawn,Surfgrass,P4,4,Dawn,10/30/2023,7:05,10/30/2023 21:00,21.599,-67.4,33.58,16.39,2197.016822,20231029,10/30/2023,33.65,12/7/2023,0.4,0.29,5,0.04,0.41,
Long Beach,P5_Dawn,Surfgrass,P5,5,Dawn,10/30/2023,7:05,10/30/2023 21:00,21.37,-65.6,33.49,16.39,2225.757886,20231029,10/30/2023,33.76,12/7/2023,NA ,NA,NA,NA,NA,"No Nutrients, TA not 3x rinsed"
Long Beach,B2_Dawn,Barnacle,B2,2,Dawn,10/30/2023,7:05,10/30/2023 21:00,21.539,-67.2,33.53,16.73,2132.800835,20231029,10/30/2023,33.84,12/7/2023,1.1,0.29,4.1,0.17,2.34,"Reran, old TA 2136.819804"
Long Beach,B4_Dawn,Barnacle,B4,4,Dawn,10/30/2023,7:05,10/30/2023 21:00,21.463,-70.8,33.59,17.03,2182.24736,20231029,10/30/2023,33.66,12/7/2023,NA,NA,NA,NA,NA,"No Nutrients, reran old TA 2187.963101"
Long Beach,B5_Dawn,Barnacle,B5,5,Dawn,10/30/2023,7:05,10/30/2023 21:00,21.395,-70.8,33.58,16.9,2186.084186,20231029,10/30/2023,33.78,12/7/2023,0.65,0.28,3.2,0.27,1.68,Reran old TA 2203.274202
Long Beach,B1_Dawn,Barnacle,B1,1,Dawn,10/31/2023,7:06,10/31/2023 20:30,21.381,-71,33.54,16.73,2211.062612,20231029,10/31/2023,33.74,12/7/2023,,,,,,"TA Tubing ripped off, reran old TA 2209.027608"
Long Beach,B4_Dawnb,Barnacle,B4,4,Dawn,10/31/2023,7:06,10/31/2023 20:30,21.648,-70.1,33.54,16.99,2193.935462,20231029,10/31/2023,33.74,12/7/2023,0.81,0.31,3.5,0.18,1.37,"Reran, old TA 2198.113001"
Long Beach,M1_Dawn,Mussel,M1,1,Dawn,10/31/2023,7:06,10/31/2023 20:30,21.576,-69.6,33.6,17.03,2225.509164,20231029,10/31/2023,33.68,12/7/2023,1.28,0.27,4.1,0.2,1.03,
Long Beach,P2_Dawnb,Surfgrass,P2,2,Dawn,10/31/2023,7:06,10/31/2023 20:30,21.405,-80,33.41,16.6,NA,20231029,10/31/2023,NA,12/7/2023,,,,,,Not enough for TA
Long Beach,M6_Dawnc,Mussel,M6,6,Dawn,10/31/2023,7:06,10/31/2023 20:30,21.297,-71.1,33.6,17.11,2189.385653,20231029,10/31/2023,33.77,12/7/2023,1.06,0.28,3.6,0.18,1.25,
Long Beach,P5_Dawnb,Surfgrass,P5,5,Dawn,11/1/2023,7:25,11/1/2023 21:00,21.5,-68.2,33.46,16.64,2217.608829,20231101,11/1/2023,33.85,12/7/2023,0.65,0.25,6.8,0.04,0.24,
Long Beach,P1_Dawn,Surfgrass,P1,1,Dawn,11/1/2023,7:25,11/1/2023 21:00,21.5,-78.7,33.48,16.64,NA,20231101,11/1/2023,NA,12/7/2023,0.94,0.35,5.5,0.15,0.84,
Long Beach,M5_Dawn,Mussel,M5,5,Dawn,11/1/2023,7:25,11/1/2023 21:00,21.6,-70.1,33.53,17.24,2200.67698,20231101,11/1/2023,33.74,12/7/2023,0.98,0.29,4.4,0.12,0.82,
Long Beach,OO_Dusk1a,Open Ocean,OO1,1,Dusk,10/21/2023,17:00,10/21/2023 18:00,18.633,-78.5,33.14,18.1,2231.968299,20231019,10/21/2023,33.42,12/7/2023,3.2,0.41,5.9,0.12,1.17,"used RW1 as temperature for all OO HC Hand collected ""mid"" salinity cal done on this day"
Long Beach,OO_Dusk1b,Open Ocean,OO1,1,Dusk,10/21/2023,17:00,10/21/2023 18:00,18.469,-79,33.22,18.1,2216.123617,20231019,10/21/2023,33.52,12/7/2023,,,,,,"Hand collected ""west"""
Long Beach,OO_Dusk1c,Open Ocean,OO1,1,Dusk,10/21/2023,17:00,10/21/2023 18:00,18.27,-79.8,33.28,18.1,2206.312543,20231019,10/21/2023,33.47,12/7/2023,,,,,,"Hand collected ""east"""
Long Beach,OO_Dusk2a,Open Ocean,OO2,2,Dusk,10/22/2023,18:05,10/22/2023 18:45,19.587,-81.9,33.41,19.09,2204.355511,20231019,10/21/2023,33.58,12/7/2023,1.76,0.33,3.2,0.14,1.46,"Hand collected “west"" not sure if salinity lab is east or west"
Long Beach,OO_Dusk2b,Open Ocean,OO2,2,Dusk,10/22/2023,18:05,10/22/2023 18:45,19.469,-82.8,33.34,19.09,2208.445487,20231019,10/21/2023,33.71,12/7/2023,,,,,,"Hand collected “east"" not sure if salinity lab is east or west"
Long Beach,OO_Dusk3a,Open Ocean,OO3,3,Dusk,10/23/2023,18:04,10/23/2023 18:50,18.14,-82,32.87,17.67,2209.576269,20231023,10/21/2023,33.47,12/7/2023,,,,,,"Hand collected ""west"", TA is in east bottle"
Long Beach,OO_Dusk3b,Open Ocean,OO3,3,Dusk,10/23/2023,18:04,10/23/2023 18:50,18.084,-83.3,33.03,17.67,2198.196369,20231023,10/21/2023,33.55,12/7/2023,,,,,,"Hand collected ""mid"""
Long Beach,OO_Dusk3c,Open Ocean,OO3,3,Dusk,10/23/2023,18:04,10/23/2023 18:50,18.574,-84,33.15,17.67,2204.813363,20231023,10/21/2023,33.59,12/7/2023,0.91,0.51,6.1,0.12,0.49,"Hand collected ""east"", TA is in west bottle"
Long Beach,OO_Dusk4a,Open Ocean,OO4,4,Dusk,10/24/2023,18:03,10/24/2023 19:00,19.3,-82.9,33.18,19.22,2199.373015,20231023,10/24/2023,33.57,12/7/2023,,,,,,"Hand collected ""mid"" , Nutrients may be contaminated salinity cal done on this day but not since 10-21"
Long Beach,OO_Dusk4b,Open Ocean,OO4,4,Dusk,10/24/2023,18:03,10/24/2023 19:00,19.128,-85.4,33.32,19.22,2201.032858,20231023,10/24/2023,33.55,12/7/2023,,,,,,"Hand collected “west"" 10-24 samples labeled A B C Hand collected ""west"""
Long Beach,OO_Dusk4c,Open Ocean,OO4,4,Dusk,10/24/2023,18:03,10/24/2023 19:00,19.17,-84.9,33.35,19.22,2203.653311,20231023,10/24/2023,33.58,12/7/2023,1.97,0.44,5.3,0.33,2.05,"Hand collected ""east"""
Long Beach,OO_Dusk5a,Open Ocean,OO5,5,Dusk,10/25/2023,18:02,10/25/2023 19:00,19.158,-86.8,34.03,20.07,2197.487114,20231023,10/24/2023,33.63,12/7/2023,2.52,0.39,4.4,0.12,0.68,Hand collected
Long Beach,OO_Dusk5b,Open Ocean,OO5,5,Dusk,10/25/2023,18:02,10/25/2023 19:00,18.921,-86.4,33.58,20.07,2198.677918,20231023,10/24/2023,33.63,12/7/2023,,,,,,Hand collected
Long Beach,OO_Dusk5c,Open Ocean,OO5,5,Dusk,10/25/2023,18:02,10/25/2023 19:00,18.799,-86.9,33.66,20.07,2205.559714,20231023,10/24/2023,33.69,12/7/2023,,,,,,"Hand collected, reran old TA 2198.307934"
Long Beach,OO_Dusk6c,Open Ocean,OO6,6,Dusk,10/26/2023,18:01,10/26/2023 19:00,18.536,-86.4,33.68,19.52,2196.802024,20231023,10/26/2023,33.5,12/7/2023,,,,,,"Hand collected, reran old TA  2202.836256"
Long Beach,OO_Dusk6b,Open Ocean,OO6,6,Dusk,10/26/2023,18:01,10/26/2023 19:00,18.329,-85.2,33.54,19.52,2200.280711,20231023,10/26/2023,33.64,12/7/2023,,,,,,Hand collected
Long Beach,OO_Dusk6a,Open Ocean,OO6,6,Dusk,10/26/2023,18:01,10/26/2023 19:00,18.331,-84.8,33.62,19.52,2199.627689,20231023,10/26/2023,33.75,12/7/2023,3.05,0.47,5.9,0.18,1.38,Hand collected
Long Beach,OO_Dusk7a,Open Ocean,OO7,7,Dusk,10/27/2023,19:04,10/27/2023 19:10,17.78,-88.4,33.35,19.05,2196.578923,20231027,10/27/2023,33.61,12/7/2023,,,,,,Hand collected salinity lab not labeled A B C
Long Beach,OO_Dusk7b,Open Ocean,OO7,7,Dusk,10/27/2023,19:04,10/27/2023 19:10,17.885,-87.8,33.48,19.05,2192.21933,20231027,10/27/2023,33.64,12/7/2023,,,,,,Hand collected salinity lab not labeled A B C
Long Beach,OO_Dusk7c,Open Ocean,OO7,7,Dusk,10/27/2023,19:04,10/27/2023 19:10,17.929,-88.5,33.75,19.05,2201.754365,20231027,10/27/2023,33.73,12/7/2023,3.54,0.56,6,0.45,2.52,Hand collected salinity lab not labeled A B C
Long Beach,OO_Dawn8a,Open Ocean,OO8,8,Dawn,10/29/2023,7:04,10/29/2023 8:00,16.529,-70,33.21,17.03,2213.370219,20231027,10/28/2023,33.51,12/7/2023,,,,,,Hand collected salinity lab not labeled A B C
Long Beach,OO_Dawn8b,Open Ocean,OO8,8,Dawn,10/29/2023,7:04,10/29/2023 8:00,16.593,-69.3,33.28,17.03,2220.372576,20231027,10/28/2023,33.57,12/7/2023,4.35,0.46,5.3,0.2,1.3,Hand collected salinity lab not labeled A B C
Long Beach,OO_Dawn8c,Open Ocean,OO8,8,Dawn,10/29/2023,7:04,10/29/2023 8:00,16.644,-73.5,33.11,17.03,2212.627149,20231027,10/28/2023,33.56,12/7/2023,,,,,,Hand collected salinity lab not labeled A B C
Long Beach,OO_Dawn9a,Open Ocean,OO9,9,Dawn,10/30/2023,7:05,10/30/2023 8:00,15.349,-71.9,33.14,16.34,2264.664963,20231029,10/29/2023,33.64,12/7/2023,,,,,,Hand collected salinity lab not labeled A B C
Long Beach,OO_Dawn9b,Open Ocean,OO9,9,Dawn,10/30/2023,7:05,10/30/2023 8:00,15.621,-72.7,33.19,16.34,2225.485883,20231029,10/29/2023,33.65,12/7/2023,0.9,0.38,3.7,0.19,1.14,Hand collected salinity lab not labeled A B C
Long Beach,OO_Dawn9c,Open Ocean,OO9,9,Dawn,10/30/2023,7:05,10/30/2023 8:00,15.953,-74,33.21,16.34,2218.308996,20231029,10/29/2023,33.72,12/7/2023,,,,,,Hand collected salinity lab not labeled A B C
Long Beach,OO_Dawn10a,Open Ocean,OO10,10,Dawn,10/31/2023,7:06,10/31/2023 8:00,16.37,-71.4,33.51,16.43,2216.754422,20231029,10/30/2023,33.75,12/7/2023,,,,,,"Hand collected, falcon tube brown spots"
Long Beach,OO_Dawn10b,Open Ocean,OO10,10,Dawn,10/31/2023,7:06,10/31/2023 8:00,15.811,-72.7,33.57,16.43,2227.049257,20231029,10/30/2023,33.76,12/7/2023,0.65,0.33,3.9,0.17,1.55,Hand collected
Long Beach,OO_Dawn10c,Open Ocean,OO10,10,Dawn,10/31/2023,7:06,10/31/2023 8:00,15.952,-72.9,33.68,16.43,2223.655972,20231029,10/30/2023,33.76,12/7/2023,,,,,,Hand collected
Long Beach,OO_Dawn11a,Open Ocean,OO11,11,Dawn,11/1/2023,7:25,11/1/2023 8:10,17.867,-72.6,33.94,16.51,2223.423959,20231029,10/31/2023,33.75,12/7/2023,1.01,0.37,5.8,0.13,0.89,"Hand collected, pH probe solution spilled out, fDOM may not be cold enough"
Long Beach,OO_Dawn11b,Open Ocean,OO11,11,Dawn,11/1/2023,7:25,11/1/2023 8:10,17.954,-73.4,33.61,16.51,2222.970864,20231029,10/31/2023,33.86,12/7/2023,,,,,,"Hand collected, pH probe solution spilled out"
Long Beach,OO_Dawn11c,Open Ocean,OO11,11,Dawn,11/1/2023,7:25,11/1/2023 8:10,17.886,-73.2,33.58,16.51,2225.065166,20231029,10/31/2023,33.7,12/7/2023,,,,,,"Hand collected, pH probe solution spilled out, no falcon tube"
Long Beach,OO_Dawn12a,Open Ocean,OO12,12,Dawn,11/2/2023,7:45,11/2/2023 8:20,16.013,-75.3,33.45,16.51,2215.173011,20231101,11/1/2023,33.62,12/7/2023,0.76,0.35,4.7,0.1,0.73,Hand collected
Long Beach,OO_Dawn12b,Open Ocean,OO12,12,Dawn,11/2/2023,7:45,11/2/2023 8:20,15.873,-75,33.98,16.51,2208.129756,20231101,11/1/2023,33.73,12/7/2023,,,,,,Hand collected
Long Beach,OO_Dawn12c,Open Ocean,OO12,12,Dawn,11/2/2023,7:45,11/2/2023 8:20,16.007,-74.7,33.61,16.51,NA,20231101,11/1/2023,NA,12/7/2023,,,,,,Hand collected
Long Beach,RW1_Dawn,Rockweed,RW1,1,Dawn,11/2/2023,7:45,11/2/2023 22:00,20.397,-69.5,33.21,16.69,2176.653013,20231101,11/2/2023,33.71,12/7/2023,NA,NA,NA,NA,NA,"No Nutrients, reran old ta 2189.911946"
Long Beach,RW5_Dawn,Rockweed,RW5,5,Dawn,11/2/2023,7:45,11/2/2023 22:00,19.853,-70.9,33.41,16.56,2164.969073,20231101,11/2/2023,33.68,12/7/2023,0.52,0.31,6,0.08,0.51,Reran old TA 2185.980588
Long Beach,P1_Dawnb,Surfgrass,P1,1,Dawn,11/2/2023,7:45,11/2/2023 22:00,NA,NA,NA,16.64,NA,20231101,11/2/2023,NA,12/7/2023,,,,,,"No TA, mostly in corraline but near surf grass"
Long Beach,B1_Dawnb,Barnacle,B1,1,Dawn,11/2/2023,7:45,11/2/2023 22:00,NA,NA,NA,17.16,NA,20231101,11/2/2023,NA,12/7/2023,,,,,,No TA
Long Beach,OO_Dawn13a,Open Ocean,OO13,13,Dawn,11/3/2023,8:06,11/3/2023 8:25,16.774,-74.8,32.72,17.07,2221.149495,20231101,11/2/2023,33.61,12/7/2023,,,,,,Hand collected
Long Beach,OO_Dawn13b,Open Ocean,OO13,13,Dawn,11/3/2023,8:06,11/3/2023 8:25,16.963,-76.1,32.88,17.07,2225.518947,20231101,11/2/2023,33.61,12/7/2023,,,,,,Hand collected
Long Beach,OO_Dawn13c,Open Ocean,OO13,13,Dawn,11/3/2023,8:06,11/3/2023 8:25,17.04,-76.9,32.88,17.07,2217.268543,20231101,11/2/2023,NA,12/7/2023,,,,,,Hand collected
Long Beach,RW1_Dawnb,Rockweed,RW1,1,Dawn,11/3/2023,8:06,11/3/2023 22:00,20.209,-73.1,34.1,17.16,2188.014923,20231101,11/3/2023,33.6,12/7/2023,,,,,,Reran old TA 2216.737886 ROSS may have dripped into pH/sal sample
Long Beach,RW1_Dawnc,Rockweed,RW1,1,Dawn,11/3/2023,8:06,11/3/2023 22:00,20.548,-72.3,33.37,17.16,NA,20231101,11/3/2023,NA,12/7/2023,,,,,,"Redo, used small amount from TA bottle"
Long Beach,RW3_Dawn,Rockweed,RW3,3,Dawn,11/3/2023,8:06,11/3/2023 22:00,19.789,-75,33.26,17.2,2198.844284,20231101,11/3/2023,33.6,12/7/2023,0.92,0.61,4.3,0.1,0.47,"Reran, old TA 2204.376482"
Long Beach,B1_Dawn,Barnacle,B1,1,Dawn,11/3/2023,8:06,11/3/2023 22:00,20.363,-74.6,33.47,17.84,2181.355309,20231101,11/3/2023,33.71,12/7/2023,0.51,0.31,3.5,0.06,0.95,Reran old TA 2196.263611
Long Beach,B3_Dawn,Barnacle,B3,3,Dawn,04/03/2024,6:36,04/03/2024,21.1636,-77.5,32.33,,,,04/03/2024,,,,,,,,No 3x rinse
Long Beach,P3_Dawn,Surfgrass,P3,3,Dawn,04/03/2024,6:36,04/03/2024,22.1647,-71.3,32.32,,,,,,,,,,,,"1x rinse for falcon dirty nutrient water clean Nalgene, probably switched"
Long Beach,B5_Dawn,Barnacle,B5,5,Dawn,04/03/2024,6:36,04/03/2024,21.265,-77.5,32.60,,,,,,,,,,,,
Long Beach,P5_Dawn,Surfgrass,P5,5,Dawn,04/03/2024,6:36,04/03/2024,21.572,-73.1,32.00,,,,,,,,,,,,
Long Beach,OO_Dawn1,Open Ocean,OO1,1,Dawn,04/03/2024,6:36,04/03/2024,11.433,-79.8,31.07,,,,,,,,,,,,350 mls of nutrient
Long Beach,P4_Dawn,Surfgrass,P4,5,Dawn,04/04/2024,6:35,04/04/2024,19.592,-73.9,32.82,,,,,,,,,,,,Not nut
Long Beach,P6_Dawn,Surfgrass,P6,6,Dawn,04/04/2024,6:35,04/04/2024,19.472,-77.5,32.80,,,,,,,,,,,,
Long Beach,B4_Dawn,Barnacle,B4,4,Dawn,04/04/2024,6:35,04/04/2024,19.384,-78.3,32.52,,,,,,,,,,,,
Long Beach,OO_Dawn2,Open Ocean,OO2,2,Dawn,04/04/2024,6:35,04/04/2024,18.989,-78.8,32.58,,,,,,,,,,,,
Long Beach,B1_Dusk,Barnacle,B1,1,Dusk,04/08/2024,19:19,4/9/2024,20.490,-73.8,33.88,,,,,,,,,,,,Not nut
Long Beach,B3_Dusk,Barnacle,B3,3,Dusk,04/08/2024,19:19,4/9/2024,20.541,-76.1,33.34,,,,,,,,,,,,no nut
Long Beach,B5_Dusk,Barnacle,B5,5,Dusk,04/08/2024,19:19,4/9/2024,20.372,-72.9,33.24,,,,,,,,,,,,
Long Beach,RW1_Dusk,Rockweed,RW1,1,Dusk,04/08/2024,19:19,4/9/2024,20.035,-73.5,32.96,,,,,,,,,,,,
Long Beach,RW3_Dusk,Rockweed,RW3,3,Dusk,04/08/2024,19:19,4/9/2024,20.524,-73.6,33.18,,,,,,,,,,,,Nalgene not filled
Long Beach,P3_Dusk,Surfgrass,P3,3,Dusk,04/08/2024,19:19,4/9/2024,19.847,-67.3,33.16,,,,,,,,,,,,
Long Beach,P5_Dusk,Surfgrass,P5,5,Dusk,04/08/2024,19:19,4/9/2024,19.921,-65,33.16,,,,,,,,,,,,
Long Beach,OO_Dusk1,Open Ocean,OO1,1,Dusk,04/08/2024,19:15,4/9/2024,19.699,-76.3,33.34,,,,,,,,,,,,420 ml nutrient sample
Long Beach,SAS_OO_Dusk,Open Ocean,OO,,Dusk,04/08/2024,19:19,4/9/2024,20.456,-77.3,33.28,,,,,,,,,,,,
Long Beach,M1_Dusk,Mussel,M1,1,Dusk,04/08/2024,19:19,4/9/2024,20.765,-73,33.37,,,,,,,,,,,,no nut
Long Beach,M3_Dusk,Mussel,M3,3,Dusk,04/08/2024,19:19,4/9/2024,21.129,-55.4,33.59,,,,,,,,,,,,"Not much sample… weird mV, not nut"
Long Beach,M5_Dusk,Mussel,M5,5,Dusk,04/08/2024,19:19,4/9/2024,20.746,-75.3,33.29,,,,,,,,,,,,
Long Beach,OO_Dusk2,Open Ocean,OO2,2,Dusk,04/09/2024,19:34,04/10/2024,10.907,-72.5,32.86,,,,,,,,,,,,360 ml
Long Beach,P6_Dusk,Surfgrass,P6,6,Dusk,04/09/2024,19:38,04/10/2024,19.555,-62.5,33.61,,,,,,,,,,,,
Long Beach,M3_Dusk,Mussel,M3,3,Dusk,04/09/2024,19:38,04/10/2024,20.308,-68.1,33.65,,,,,,,,,,,,
Long Beach,M6_Dusk,Mussel,M6,6,Dusk,04/09/2024,19:38,04/10/2024,19.742,-69.8,33.55,,,,,,,,,,,,Not nut
Long Beach,B2_Dusk,Barnacle,B2,2,Dusk,04/09/2024,19:38,04/10/2024,20.249,-70.4,33.71,,,,,,,,,,,,Not nut
Long Beach,B4_Dusk,Barnacle,B4,4,Dusk,04/09/2024,19:38,04/10/2024,19.520,-70.4,33.54,,,,,,,,,,,,Not nut
Long Beach,B6_Dusk,Barnacle,B6,6,Dusk,04/09/2024,19:38,04/10/2024,19.162,-71.5,33.51,,,,,,,,,,,,No nut
Long Beach,RW4_Dusk,Rockweed,RW4,4,Dusk,04/09/2024,19:38,04/10/2024,18.680,-71.8,33.18,,,,,,,,,,,,
Long Beach,P1_Dusk,Surfgrass,P1,1,Dusk,4/10/2024,20:03,04/11/2024,20.415,-53.7,32.99,,,,,,,,,,,,"TA tube pushed a bit out of tide pool, but still close (MA has pic), switched tubes to p56"
Long Beach,P4_Dusk,Surfgrass,P4,4,Dusk,4/10/2024,20:03,04/11/2024,20.617,-55.8,33.18,,,,,,,,,,,,Not nut
Long Beach,M6_Dusk,Mussel,M6,6,Dusk,4/10/2024,20:03,04/11/2024,20.214,-66.2,32.79,,,,,,,,,,,,
Long Beach,B6_Dusk,Barnacle,B6,6,Dusk,4/10/2024,20:03,04/11/2024,20.607,-71.5,32.94,,,,,,,,,,,,
Long Beach,M2_Dusk,Mussel,M2,2,Dusk,4/10/2024,20:03,04/11/2024,20.637,-69.4,32.57,,,,,,,,,,,,Not nut
Long Beach,RW2_Dusk,Rockweed,RW2,2,Dusk,4/10/2024,20:03,04/11/2024,20.523,-69,32.94,,,,,,,,,,,,
Long Beach,OO_Dusk3,Open Ocean,OO3,3,Dusk,4/10/2024,20:01,04/11/2024,19.225,-69.2,33.11,,,,,,,,,,,,360 ml nut
Long Beach,OO_Dusk4,Open Ocean,OO4,4,Dusk,04/11/2024,20:29,04/12/2024,13.547,-25.8,32.23,,,,,,,,,,,,
Long Beach,P4_Dusk,Surfgrass,P4,4,Dusk,04/11/2024,20:29,04/12/2024,20.095,-38.7,33.2,,,,,,,,,,,,"No TA, slightly out of plot, with some rockweed tangled in"
Long Beach,P2_Dusk,Surfgrass,P2,2,Dusk,04/11/2024,20:29,04/12/2024,18.900,-59.1,33.09,,,,,,,,,,,,
Long Beach,B3_Dusk,Barnacle,B3,3,Dusk,04/11/2024,20:29,04/12/2024,20.114,-56.7,33.64,,,,,,,,,,,,"No TA, tubes pulled off bolt"
Long Beach,B2_Dusk,Barnacle,B2,2,Dusk,04/11/2024,20:29,04/12/2024,20.188,-63.3,32.96,,,,,,,,,,,,No TA
Long Beach,M1_Dusk,Mussel,M1,1,Dusk,04/11/2024,20:29,04/12/2024,18.649,-64.2,33.27,,,,,,,,,,,,
Long Beach,M4_Dusk,Mussel,M4,4,Dusk,04/11/2024,20:29,04/12/2024,19.572,-64.3,33.47,,,,,,,,,,,,
Long Beach,P4_Dawn,Surfgrass,P4,4,Dawn,4/16/2024,5:54,04/16/2023,NA,NA,NA,,,,,,,,,,,,Nut only
Long Beach,P2_Dawn,Surfgrass,P2,2,Dawn,4/16/2024,5:54,04/16/2023,NA,NA,NA,,,,,,,,,,,,Nut only
Long Beach,SAS_OO_Dawn,Open Ocean,OO,,Dawn,4/16/2024,5:54,04/16/2023,21.071,-50.8,33.34,,,,,,,,,,,,
Long Beach,OO_Dawn3,Open Ocean,OO3,3,Dawn,4/16/2024,5:54,04/16/2023,19.071,-47.9,32.99,,,,,,,,,,,,420 ml nutrient sample
Long Beach,RW2_Dawn,Rockweed,RW2,2,Dawn,4/16/2024,5:54,04/16/2023,20.548,-44,33.1,,,,,,,,,,,,
Long Beach,RW4_Dawn,Rockweed,RW4,4,Dawn,4/16/2024,5:54,04/16/2023,21.122,-45.8,33.63,,,,,,,,,,,,No nut
Long Beach,B2_Dawn,Barnacle,B2,2,Dawn,4/16/2024,5:54,04/16/2023,20.964,-50.3,33.67,,,,,,,,,,,,Tubes Got ripped off bolts
Long Beach,B6_Dawn,Barnacle,B6,6,Dawn,4/16/2024,5:54,04/16/2023,20.828,-49.7,33.64,,,,,,,,,,,,
Long Beach,M1_Dawn,Mussel,M1,1,Dawn,4/16/2024,5:54,04/16/2023,20.819,-50.1,33.76,,,,,,,,,,,,
Long Beach,M4_Dawn,Mussel,M4,4,Dawn,4/16/2024,5:54,04/16/2023,20.842,-48.1,33.44,,,,,,,,,,,,No nut
Long Beach,RW1_Dawn,Rockweed,RW1,1,Dawn,04/17/2024,6:18,04/17/2024,21.748,-41.9,33.65,,,,,,,,,,,,Nalgene not filled
Long Beach,RW3_Dawn,Rockweed,RW3,3,Dawn,04/17/2024,6:18,04/17/2024,21.939,-51.5,33.59,,,,,,,,,,,,No nut
Long Beach,RW5_Dawn,Rockweed,RW5,5,Dawn,04/17/2024,6:18,04/17/2024,21.87,-55.5,32.69,,,,,,,,,,,,
Long Beach,M6_Dawn,Mussel,M6,6,Dawn,04/17/2024,6:18,04/17/2024,21.514,-52.3,33.69,,,,,,,,,,,,"No nut, only 1 rinse did not fill nalgene"
Long Beach,OO_Dawn4,Open Ocean,OO4,4,Dawn,04/17/2024,6:18,04/17/2024,15.434,-56.2,32.83,,,,,,,,,,,,450 ml nutrient sample
Long Beach,P1_Dawn,Surfgrass,P1,1,Dawn,04/17/2024,6:18,04/17/2024,21.197,-52.8,33.83,,,,,,,,,,,,A little bit out of plot
Long Beach,P4_Dawn,Surfgrass,P4,4,Dawn,04/17/2024,6:18,04/17/2024,21.827,-49.5,33.73,,,,,,,,,,,,
Long Beach,B1_Dawn,Barnacle,B1,1,Dawn,04/17/2024,6:18,04/17/2024,NA,NA,NA,,,,,,,,,,,,"no TA, tubing ripped of bolt"
Long Beach,OO_Dawn5,Open Ocean,OO5,5,Dawn,04/18/2024,6:17,04/18/2024,21.328,-51.3,35.55,,,,,,,,,,,,450 ml nutrient sample
Long Beach,RW6_Dawn,Rockweed,RW6,6,Dawn,04/18/2024,6:17,04/18/2024,21.527,-51.5,34.20,,,,,,,,,,,,
Long Beach,RW3_Dawn,Rockweed,RW3,3,Dawn,04/18/2024,6:17,04/18/2024,21.472,-47.9,34.18,,,,,,,,,,,,no nut
Long Beach,M5_Dawn,Mussel,M5,5,Dawn,04/18/2024,6:17,04/18/2024,21.620,-52.8,34.02,,,,,,,,,,,,
Long Beach,P1_Dawn,Surfgrass,P1,1,Dawn,04/18/2024,6:17,04/18/2024,21.102,-52.1,33.84,,,,,,,,,,,,"Nutrients tube got ripped off, but probably after filling? Because it was pinched"
Long Beach,B2_Dawn,Barnacle,B2,2,Dawn,04/18/2024,6:17,04/18/2024,21.058,-51,34.02,,,,,,,,,,,,"Nalgene not filled, slightly out of place but should be fine"
Long Beach,M2_Dawn,Mussel,M2,2,Dawn,04/18/2024,6:17,04/18/2024,NA,NA,NA,,,,,,,,,,,,no TA
Long Beach,OO_Dawn6,Open Ocean,OO6,6,Dawn,04/19/2024,6:16,04/19/2024,14.595,-54.3,33.51,,,,,,,,,,,,450 ml nutrient sample
Long Beach,P2_Dawn,Surfgrass,P2,2,Dawn,04/19/2024,6:16,04/19/2024,21.943,-50.2,33.97,,,,,,,,,,,,
Long Beach,RW3_Dawn,Rockweed,RW3,3,Dawn,04/19/2024,6:16,04/19/2024,20.929,-50.6,33.82,,,,,,,,,,,,
Long Beach,B1_Dawn,Barnacle,B1,1,Dawn,04/19/2024,6:16,04/19/2024,22.061,-51.7,33.68,,,,,,,,,,,,"No nut nalgene half full, tubing messed up"
Long Beach,M6_Dawn,Mussel,M6,6,Dawn,04/19/2024,6:16,04/19/2024,21.824,-49.9,33.37,,,,,,,,,,,,Non nut not fill nalgene
Long Beach,M2_Dawn,Mussel,M2,2,Dawn,04/19/2024,6:16,04/19/2024,NA,NA,NA,,,,,,,,,,,,no TA
Long Beach,OO_Dawn7,Open Ocean,OO7,7,Dawn,4/20/2024,6:37,4/20/2024,20.653,-46.9,33.98,,,,,,,,,,,,450 ml nutrient sample
Long Beach,RW4_Dawn,Rockweed,RW4,4,Dawn,4/20/2024,6:37,4/20/2024,21.057,-45.2,33.92,,,,,,,,,,,,
Long Beach,P1_Dawn,Surfgrass,P1,1,Dawn,4/20/2024,6:37,4/20/2024,20.879,-44.9,33.92,,,,,,,,,,,,no nut
Long Beach,B1_Dawn,Barnacle,B1,1,Dawn,4/20/2024,6:37,4/20/2024,21.029,-44.6,33.82,,,,,,,,,,,,"no nut, nalgene half full"
Long Beach,M4_Dawn,Mussel,M4,4,Dawn,4/20/2024,6:37,4/20/2024,20.735,-43,33.71,,,,,,,,,,,,no nut
Long Beach,M5_Dawn,Mussel,M5,5,Dawn,4/20/2024,6:37,4/20/2024,20.862,-44.2,33.66,,,,,,,,,,,,no nut
Long Beach,M2_Dawn,Mussel,M2,2,Dawn,4/20/2024,6:37,4/20/2024,NA,NA,NA,,,,,,,,,,,,no TA
Long Beach,P4_Dusk,Surfgrass,P4,4,Dusk,4/27/2024,19:50,4/28/2024,21.996,-86.1,34.25,,,,,,,,,,,,"Did not calibrate salinity before this processing round, no TA"
Long Beach,M4_Dusk,Mussel,M4,4,Dusk,4/27/2024,19:50,4/28/2024,22.602,-89.3,34.23,,,,,,,,,,,,
Long Beach,B3_Dusk,Barnacle,B3,3,Dusk,4/27/2024,19:50,4/28/2024,21.629,-90.1,34.22,,,,,,,,,,,,
Long Beach,P1_Dusk,Surfgrass,P1,1,Dusk,4/27/2024,19:50,4/28/2024,21.251,-90.2,34.05,,,,,,,,,,,,
Long Beach,OO_Dusk5,Open Ocean,OO5,5,Dusk,4/27/2024,19:50,4/28/2024,20.587,-91.5,33.94,,,,,,,,,,,,
Long Beach,M1_Dusk,Mussel,M1,1,Dusk,4/27/2024,19:50,4/28/2024,20.994,-86.6,34.00,,,,,,,,,,,,
Long Beach,OO_Dusk6,Open Ocean,OO6,6,Dusk,4/28/2024,19:35,4/29/2024,20.701,-99.4,33.69,,,,,,,,,,,,Re used nut bag
Long Beach,RW5_Dusk,Rockweed,RW5,5,Dusk,4/28/2024,19:35,4/29/2024,21.187,-97.8,33.29,,,,,,,,,,,,
Long Beach,B1_Dusk,Barnacle,B1,1,Dusk,4/28/2024,19:35,4/29/2024,21.157,-97.7,33.82,,,,,,,,,,,,Nalgene half full
Long Beach,M1_Dusk,Mussel,M1,1,Dusk,4/28/2024,19:35,4/29/2024,21.230,-97.8,33.71,,,,,,,,,,,,"No triple rinse, Nalgene half full"
Long Beach,M4_Dusk,Mussel,M4,4,Dusk,4/28/2024,19:35,4/29/2024,21.140,-100.1,33.78,,,,,,,,,,,,Not nut
Long Beach,M6_Dusk,Mussel,M6,6,Dusk,4/28/2024,19:35,4/29/2024,21.119,-99.3,33.57,,,,,,,,,,,,
Long Beach,P4_Dusk,Surfgrass,P4,4,Dusk,4/28/2024,19:35,4/29/2024,21.104,-92.1,33.72,,,,,,,,,,,,
Long Beach,B3_Dusk,Barnacle,B3,3,Dusk,4/28/2024,19:35,4/29/2024,NA,NA,NA,,,,,,,,,,,,No TA used nut bag
Long Beach,OO_Dusk7,Open Ocean,OO7,7,Dusk,4/29/2024,20:17,4/30/2024,16.965,-92.6,33.78,,,,,,,,,,,,Assume nut bags are used after this point I think
Long Beach,B2_Dusk,Barnacle,B2,2,Dusk,4/29/2024,20:17,4/30/2024,23.361,-92.5,34.33,,,,,,,,,,,,No nut
Long Beach,B3_Dusk,Barnacle,B3,3,Dusk,4/29/2024,20:17,4/30/2024,23.663,-93,33.92,,,,,,,,,,,,
Long Beach,M2_Dusk,Mussel,M2,2,Dusk,4/29/2024,20:17,4/30/2024,23.581,-91.9,33.97,,,,,,,,,,,,Not nut Nalgene 3/4 fill
Long Beach,M4_Dusk,Mussel,M4,4,Dusk,4/29/2024,20:17,4/30/2024,23.398,-93.5,33.99,,,,,,,,,,,,no nut
Long Beach,RW6_Dusk,Rockweed,RW6,6,Dusk,4/29/2024,20:17,4/30/2024,23.286,-90.2,33.95,,,,,,,,,,,,Nalgene 3/4 full
Long Beach,M6_Dawn,Mussel,M6,6,Dawn,5/1/2024,5:01,5/1/2024,21.705,-70.3,33.79,,,,,,,,,,,,
Long Beach,OO_Dawn8,Open Ocean,OO8,8,Dawn,5/1/2024,5:01,5/1/2024,21.259,-77.5,33.93,,,,,,,,,,,,
Long Beach,B2_Dawn,Barnacle,B2,2,Dawn,5/1/2024,5:01,5/1/2024,21.318,-78.2,33.58,,,,,,,,,,,,
Long Beach,P1_Dawn,Surfgrass,P1,1,Dawn,5/1/2024,5:01,5/1/2024,21.211,-75.8,33.63,,,,,,,,,,,,
Long Beach,M4_Dawn,Mussel,M4,4,Dawn,5/1/2024,5:01,5/1/2024,21.140,-77.7,33.50,,,,,,,,,,,,
Long Beach,M2_Dawn,Mussel,M2,2,Dawn,5/1/2024,5:01,5/1/2024,21.305,-78.3,33.83,,,,,,,,,,,,
Long Beach,B6_Dawn,Barnacle,B6,6,Dawn,5/2/2024,6:02,5/2/2024,25.086,-77.4,34.71,,,,,,,,,,,,no TA
Long Beach,M6_Dawn,Mussel,M6,6,Dawn,5/2/2024,6:02,5/2/2024,26.526,-76.9,34.08,,,,,,,,,,,,
Long Beach,OO_Dawn9,Open Ocean,OO9,9,Dawn,5/2/2024,6:02,5/2/2024,24.896,-77,34.07,,,,,,,,,,,,
Long Beach,M3_Dawn,Mussel,M3,3,Dawn,5/2/2024,6:02,5/2/2024,26.201,-77.6,34.01,,,,,,,,,,,,
Long Beach,RW3_Dusk,Rockweed,RW3,3,Dusk,5/2/2024,19:37,5/3/2024,22.871,-98.7,33.72,,,,,,,,,,,,Used TA bag
Long Beach,M4_Dusk,Mussel,M4,4,Dusk,5/2/2024,19:37,5/3/2024,23.965,-92.2,34.06,,,,,,,,,,,,
Long Beach,B2_Dusk,Barnacle,B2,2,Dusk,5/2/2024,19:37,5/3/2024,23.053,-94.6,34.01,,,,,,,,,,,,
Long Beach,M2_Dusk,Mussel,M2,2,Dusk,5/2/2024,19:37,5/3/2024,23.61,-91.9,34.11,,,,,,,,,,,,
Long Beach,OO_Dusk8,Open Ocean,OO8,8,Dusk,5/2/2024,19:37,5/3/2024,11.878,-104.6,32.97,,,,,,,,,,,,
Long Beach,OO_Dawn10,Open Ocean,OO10,10,Dawn,5/4/2024,6:00,5/4/2024,21.644,-79.2,34.35,,,,,,,,,,,,
Long Beach,B2_Dawn,Barnacle,B2,2,Dawn,5/4/2024,6:00,5/4/2024,21.555,-80.1,33.75,,,,,,,,,,,,
Long Beach,M2_Dawn,Mussel,M2,2,Dawn,5/4/2024,6:00,5/4/2024,NA,NA,NA,,,,,,,,,,,,No ta or nut
Long Beach,M3_Dawn,Mussel,M3,3,Dawn,5/4/2024,6:00,5/4/2024,21.333,-81.7,33.66,,,,,,,,,,,,
Long Beach,OO_Dawn11,Open Ocean,OO11,11,Dawn,5/5/2024,6:19,5/5/2024,20.550,-74.2,33.13,,,,,,,,,,,,
Long Beach,M2_Dawn,Mussel,M2,2,Dawn,5/5/2024,6:19,5/5/2024,20.475,-76.4,32.73,,,,,,,,,,,,
Long Beach,M3_Dawn,Mussel,M3,3,Dawn,5/5/2024,6:19,5/5/2024,20.045,-78,32.91,,,,,,,,,,,,